Day_Mins,Day_Calls,Avg_Day_Mins,Day_Charge,Eve_Mins,Eve_Calls,Avg_Evn_Mins,Eve_Charge,Night_Mins,Night_Calls,Avg_Night_Mins,Night_Charge,Intl_Mins,Intl_Calls,Avg_International_Mins,Intl_Charge,Total_Day_Data,Total_Evn_Data,Total_Night_Data,Total_Data,label
265.1,110,0.414937759,45.07,197.4,99,1.993939394,16.78,244.7,91,2.689010989,11.01,10,3,3.333333333,2.7,23.40089886,65.94260244,38.98452719,128.3280285,0
161.6,123,0.761138614,27.47,195.5,103,1.898058252,16.62,254.4,103,2.469902913,11.45,13.7,3,4.566666667,3.7,65.62163748,99.26308737,37.87622978,202.7609546,0
243.4,114,0.468364832,41.38,121.2,110,1.101818182,10.3,162.6,104,1.563461538,7.32,12.2,5,2.44,3.29,83.16479918,54.62693051,55.17947857,192.9712083,0
299.4,71,0.237140949,50.9,61.9,88,0.703409091,5.26,196.9,89,2.212359551,8.86,6.6,7,0.942857143,1.78,45.35529239,69.29631138,27.88765319,142.539257,0
166.7,113,0.677864427,28.34,148.3,122,1.21557377,12.61,186.9,121,1.544628099,8.41,10.1,3,3.366666667,2.73,49.73232017,12.69428512,28.68200707,91.10861236,0
223.4,98,0.438675022,37.98,220.6,101,2.184158416,18.75,203.9,118,1.727966102,9.18,6.3,6,1.05,1.7,13.06056827,5.696475763,56.49148772,75.24853175,0
218.2,88,0.403299725,37.09,348.5,108,3.226851852,29.62,212.6,118,1.801694915,9.57,7.5,7,1.071428571,2.03,38.9193493,83.88903039,77.41338743,200.2217671,0
157,79,0.503184713,26.69,103.1,94,1.096808511,8.76,211.8,96,2.20625,9.53,7.1,6,1.183333333,1.92,75.84918137,69.17322055,47.88419129,192.9065932,0
184.5,97,0.525745257,31.37,351.6,80,4.395,29.89,215.8,90,2.397777778,9.71,8.7,4,2.175,2.35,61.99115742,58.84522497,23.02887055,143.8652529,0
258.6,84,0.324825986,43.96,222,111,2,18.87,326.4,97,3.364948454,14.69,11.2,5,2.24,3.02,46.50925028,19.83429406,87.72532224,154.0688666,0
129.1,137,1.061192874,21.95,228.5,83,2.753012048,19.42,208.8,111,1.881081081,9.4,12.7,6,2.116666667,3.43,97.89981419,62.12421045,52.84361506,212.8676397,1
187.7,127,0.676611614,31.91,163.4,148,1.104054054,13.89,196,94,2.085106383,8.82,9.1,5,1.82,2.46,56.44979572,64.38065957,45.63733976,166.467795,0
128.8,96,0.745341615,21.9,104.9,71,1.477464789,8.92,141.1,128,1.10234375,6.35,11.2,2,5.6,3.02,10.86970484,84.26924807,70.35097457,165.4899275,0
156.6,88,0.561941252,26.62,247.6,75,3.301333333,21.05,192.3,115,1.672173913,8.65,12.3,5,2.46,3.32,45.54368204,97.58492416,3.623352924,146.7519591,0
120.7,70,0.57995029,20.52,307.2,76,4.042105263,26.11,203,99,2.050505051,9.14,13.1,6,2.183333333,3.54,38.48659851,66.98641538,53.26856487,158.7415788,0
332.9,67,0.20126164,56.59,317.8,97,3.27628866,27.01,160.6,128,1.2546875,7.23,5.4,9,0.6,1.46,91.20824237,89.93290432,15.37454974,196.5156964,1
196.4,139,0.707739308,33.39,280.9,90,3.121111111,23.88,89.3,75,1.190666667,4.02,13.8,4,3.45,3.73,49.26025197,75.32539226,32.61542805,157.2010723,0
190.7,114,0.597797588,32.42,218.2,111,1.965765766,18.55,129.6,121,1.07107438,5.83,8.1,3,2.7,2.19,32.32443498,31.04558367,48.68313264,112.0531513,0
189.7,66,0.347917765,32.25,212.8,65,3.273846154,18.09,165.7,108,1.534259259,7.46,10,5,2,2.7,46.96737308,95.26711002,12.22643705,154.4609201,0
224.4,90,0.401069519,38.15,159.5,88,1.8125,13.56,192.8,74,2.605405405,8.68,13,2,6.5,3.51,81.21929165,37.86099138,58.91791834,177.9982014,0
155.1,117,0.754352031,26.37,239.7,93,2.577419355,20.37,208.8,133,1.569924812,9.4,10.6,4,2.65,2.86,83.12100497,68.48268001,65.459288,217.062973,0
62.4,89,1.426282051,10.61,169.9,121,1.404132231,14.44,209.6,64,3.275,9.43,5.7,6,0.95,1.54,82.74233872,69.96053435,29.91687359,182.6197467,1
183,112,0.612021858,31.11,72.9,99,0.736363636,6.2,181.8,78,2.330769231,8.18,9.5,19,0.5,2.57,10.13581446,72.32376746,99.82509414,182.284676,0
110.4,103,0.932971014,18.77,137.3,102,1.346078431,11.67,189.6,105,1.805714286,8.53,7.7,6,1.283333333,2.08,92.66035281,26.28931938,22.3431213,141.2927935,0
81.1,86,1.060419236,13.79,245.2,72,3.405555556,20.84,237,115,2.060869565,10.67,10.3,2,5.15,2.78,5.352042846,37.52604611,77.31451111,120.1926001,0
124.3,76,0.611423974,21.13,277.1,112,2.474107143,23.55,250.7,115,2.18,11.28,15.5,5,3.1,4.19,88.37713956,86.49047567,71.94143779,246.809053,0
213,115,0.539906103,36.21,191.1,112,1.70625,16.24,182.7,115,1.588695652,8.22,9.5,3,3.166666667,2.57,90.93441778,47.96456967,12.62640998,151.5253974,0
134.3,73,0.543559196,22.83,155.5,100,1.555,13.22,102.1,68,1.501470588,4.59,14.7,4,3.675,3.97,88.36907054,94.65592517,66.0745326,249.0995283,0
190,109,0.573684211,32.3,258.2,84,3.073809524,21.95,181.5,102,1.779411765,8.17,6.3,6,1.05,1.7,5.325625945,64.9103195,93.85856061,164.094506,0
119.3,117,0.980720872,20.28,215.1,109,1.973394495,18.28,178.7,90,1.985555556,8.04,11.1,1,11.1,3,72.51116962,23.64944462,79.72157254,175.8821868,0
84.8,95,1.120283019,14.42,136.7,63,2.16984127,11.62,250.5,148,1.692567568,11.27,14.2,6,2.366666667,3.83,90.77851221,36.93050205,53.92354235,181.6325566,0
226.1,105,0.464396285,38.44,201.5,107,1.88317757,17.13,246.2,98,2.512244898,11.08,10.3,5,2.06,2.78,87.22387973,54.32429101,36.19007956,177.7382503,0
212,121,0.570754717,36.04,31.2,115,0.271304348,2.65,293.3,78,3.76025641,13.2,12.6,10,1.26,3.4,80.06785208,39.65321142,41.71116549,161.432229,0
249.6,118,0.47275641,42.43,252.4,119,2.121008403,21.45,280.2,90,3.113333333,12.61,11.8,3,3.933333333,3.19,98.30707483,43.8336056,14.11365542,156.2543359,1
176.8,94,0.531674208,30.06,195,75,2.6,16.58,213.5,116,1.840517241,9.61,8.3,4,2.075,2.24,47.7466055,93.66680245,28.22031424,169.6337222,0
220,80,0.363636364,37.4,217.3,102,2.130392157,18.47,152.8,71,2.152112676,6.88,14.7,6,2.45,3.97,91.40275676,31.83099792,40.85535697,164.0891116,0
146.3,128,0.874914559,24.87,162.5,80,2.03125,13.81,129.3,109,1.186238532,5.82,14.5,6,2.416666667,3.92,32.71102494,86.78063052,90.71472583,210.2063813,0
130.8,64,0.489296636,22.24,223.7,116,1.928448276,19.01,227.8,108,2.109259259,10.25,10,5,2,2.7,11.46122868,46.60309462,33.75096369,91.81528699,0
203.9,106,0.519862678,34.66,187.6,99,1.894949495,15.95,101.7,107,0.95046729,4.58,10.5,6,1.75,2.84,40.45993152,72.84000547,28.31603716,141.6159742,0
140.4,94,0.66951567,23.87,271.8,92,2.954347826,23.1,188.3,108,1.743518519,8.47,11.1,9,1.233333333,3,74.1210032,71.30357356,17.0235922,162.448169,0
126.3,102,0.80760095,21.47,166.8,85,1.962352941,14.18,187.8,135,1.391111111,8.45,9.4,2,4.7,2.54,79.06484123,44.05530073,54.95393259,178.0740745,0
173.1,85,0.491045638,29.43,203.9,107,1.905607477,17.33,122.2,78,1.566666667,5.5,14.6,15,0.973333333,3.94,71.24399289,78.49080441,55.73030166,205.465099,1
124.8,82,0.657051282,21.22,282.2,98,2.879591837,23.99,311.5,78,3.993589744,14.02,10,4,2.5,2.7,66.55789938,32.33597419,22.99108397,121.8849575,0
85.8,77,0.897435897,14.59,165.3,110,1.502727273,14.05,178.5,92,1.940217391,8.03,9.2,4,2.3,2.48,85.16756964,39.22669707,92.43240603,216.8266727,0
154,67,0.435064935,26.18,225.8,118,1.913559322,19.19,265.3,86,3.084883721,11.94,3.5,3,1.166666667,0.95,77.66285256,67.912598,15.25959307,160.8350436,0
120.9,97,0.802315964,20.55,213,92,2.315217391,18.11,163.1,116,1.406034483,7.34,8.5,5,1.7,2.3,55.65856822,69.20684329,60.05034723,184.9157587,0
211.3,120,0.56791292,35.92,162.6,122,1.332786885,13.82,134.7,118,1.141525424,6.06,13.2,5,2.64,3.56,76.83845104,38.62966689,37.39648373,152.8646017,0
187,133,0.711229947,31.79,134.6,74,1.818918919,11.44,242.2,127,1.907086614,10.9,7.4,5,1.48,2,78.69445221,91.99813998,14.39955657,185.0921488,0
159.1,114,0.716530484,27.05,231.3,117,1.976923077,19.66,143.2,91,1.573626374,6.44,8.8,3,2.933333333,2.38,17.20979062,80.53917323,72.23298771,169.9819516,1
133.2,135,1.013513514,22.64,217.2,58,3.744827586,18.46,70.6,79,0.893670886,3.18,11,3,3.666666667,2.97,74.28947382,21.76737485,78.74845701,174.8053057,0
191.9,108,0.562793121,32.62,269.8,96,2.810416667,22.93,236.8,87,2.72183908,10.66,7.8,5,1.56,2.11,2.686131168,32.89070744,91.63923251,127.2160711,0
220.6,57,0.258386219,37.5,211.1,115,1.835652174,17.94,249,129,1.930232558,11.21,6.8,3,2.266666667,1.84,96.10932789,45.70924021,81.84353967,223.6621078,0
186.1,112,0.601826975,31.64,190.2,66,2.881818182,16.17,282.8,57,4.961403509,12.73,11.4,6,1.9,3.08,52.36204923,52.04050105,18.09698101,122.4995313,0
160.2,117,0.730337079,27.23,267.5,67,3.992537313,22.74,228.5,68,3.360294118,10.28,9.3,5,1.86,2.51,8.5944169,42.97777133,0.793433449,52.36562168,0
151,83,0.549668874,25.67,219.7,116,1.893965517,18.67,203.9,127,1.605511811,9.18,9.7,3,3.233333333,2.62,27.95471931,90.06758203,92.15925814,210.1815595,1
175.5,67,0.381766382,29.84,249.3,85,2.932941176,21.19,270.2,98,2.757142857,12.16,10.2,3,3.4,2.75,71.99454282,23.94296034,54.96607651,150.9035797,0
126.9,98,0.772261623,21.57,180,62,2.903225806,15.3,140.8,128,1.1,6.34,8,2,4,2.16,13.17264644,32.46949021,77.0119886,122.6541253,0
198.4,129,0.650201613,33.73,75.3,77,0.977922078,6.4,181.2,77,2.353246753,8.15,5.8,3,1.933333333,1.57,57.26502437,83.8954917,26.9712241,168.1317402,1
148.8,70,0.470430108,25.3,246.5,164,1.50304878,20.95,129.8,103,1.260194175,5.84,12.1,3,4.033333333,3.27,96.78567689,13.72098946,6.160737302,116.6674037,0
229.3,103,0.449193197,38.98,177.4,126,1.407936508,15.08,189.3,95,1.992631579,8.52,12,8,1.5,3.24,53.39307546,30.26499439,88.05113144,171.7092013,0
192.1,97,0.504945341,32.66,169.9,94,1.807446809,14.44,166.6,54,3.085185185,7.5,11.4,4,2.85,3.08,43.04880085,19.56609683,24.27343993,86.88833761,0
268.6,83,0.30900968,45.66,178.2,142,1.254929577,15.15,166.3,106,1.568867925,7.48,11.6,3,3.866666667,3.13,96.01569791,38.63434921,6.798792467,141.4488396,0
193.7,91,0.469798658,32.93,246.1,96,2.563541667,20.92,138,92,1.5,6.21,14.6,3,4.866666667,3.94,75.21874335,69.1449056,77.42586722,221.7895162,0
180.7,92,0.509131157,30.72,187.8,64,2.934375,15.96,265.5,53,5.009433962,11.95,12.6,3,4.2,3.4,29.16553472,79.39730021,84.08735746,192.6501924,0
131.2,98,0.74695122,22.3,162.9,97,1.679381443,13.85,159,106,1.5,7.15,8.2,6,1.366666667,2.21,99.05391616,35.7635756,28.2317853,163.0492771,0
148.1,74,0.49966239,25.18,169.5,88,1.926136364,14.41,214.1,102,2.099019608,9.63,6.2,5,1.24,1.67,36.16702985,64.76332475,88.03360573,188.9639603,0
251.5,105,0.41749503,42.76,212.8,104,2.046153846,18.09,157.8,67,2.355223881,7.1,9.3,4,2.325,2.51,91.74753688,89.80450596,34.35954149,215.9115843,0
125.2,93,0.742811502,21.28,206.4,119,1.734453782,17.54,129.3,139,0.930215827,5.82,8.3,8,1.0375,2.24,90.97639901,0.025069559,69.63499151,160.6364601,0
211.6,70,0.330812854,35.97,216.9,80,2.71125,18.44,153.5,60,2.558333333,6.91,7.8,1,7.8,2.11,25.0017616,50.65213292,64.08980475,139.7436993,0
178.9,101,0.564561207,30.41,169.1,110,1.537272727,14.37,148.6,100,1.486,6.69,13.8,3,4.6,3.73,48.39941481,38.48060715,19.57845723,106.4584792,1
241.8,93,0.384615385,41.11,170.5,83,2.054216867,14.49,295.3,104,2.839423077,13.29,11.8,7,1.685714286,3.19,70.67462237,80.07315812,19.56511846,170.3128989,0
224.9,97,0.431302801,38.23,188.2,84,2.24047619,16,254.6,61,4.173770492,11.46,12.1,2,6.05,3.27,10.4346824,25.37458472,2.27881127,38.08807839,0
248.6,83,0.33386967,42.26,148.9,85,1.751764706,12.66,172.5,109,1.582568807,7.76,8,4,2,2.16,75.99994688,18.26199688,43.66709118,137.9290349,0
203.4,146,0.717797443,34.58,226.7,117,1.937606838,19.27,152.4,105,1.451428571,6.86,7.3,4,1.825,1.97,3.456155927,3.47713332,90.98990569,97.92319493,0
235.8,109,0.462256149,40.09,157.2,94,1.672340426,13.36,188.2,99,1.901010101,8.47,12,3,4,3.24,52.84388387,37.26319476,20.23170052,110.3387791,0
157.1,90,0.572883514,26.71,223.3,72,3.101388889,18.98,181.4,111,1.634234234,8.16,6.1,2,3.05,1.65,93.77564998,70.11033834,54.38268005,218.2686684,0
300.3,109,0.362970363,51.05,181,100,1.81,15.39,270.1,73,3.7,12.15,11.7,4,2.925,3.16,95.47683634,2.59516224,2.102849271,100.1748479,1
61.6,117,1.899350649,10.47,77.1,85,0.907058824,6.55,173,99,1.747474747,7.79,8.2,7,1.171428571,2.21,52.7710491,61.32538092,83.6552311,197.7516611,1
214.1,72,0.336291453,36.4,164.4,104,1.580769231,13.97,177.5,113,1.57079646,7.99,8.2,3,2.733333333,2.21,52.0490178,9.358214235,89.43546048,150.8426925,0
170.2,98,0.575793184,28.93,155.2,102,1.521568627,13.19,228.6,76,3.007894737,10.29,15,2,7.5,4.05,79.1897031,71.03727995,69.02753694,219.25452,0
201.1,99,0.492292392,34.19,303.5,74,4.101351351,25.8,224,119,1.882352941,10.08,13.2,2,6.6,3.56,47.3267704,40.72959293,48.72999898,136.7863623,0
215.4,104,0.482822656,36.62,204.8,79,2.592405063,17.41,278.5,109,2.555045872,12.53,12.6,5,2.52,3.4,59.86717023,6.916993067,34.77227839,101.5564417,0
165.6,123,0.742753623,28.15,136.1,95,1.432631579,11.57,175.7,90,1.952222222,7.91,11,2,5.5,2.97,77.41347732,63.92461034,25.33492194,166.6730096,0
249.5,101,0.404809619,42.42,259.7,98,2.65,22.07,222.7,68,3.275,10.02,9.8,4,2.45,2.65,56.74458312,60.16959109,63.10793707,180.0221113,0
210.6,96,0.455840456,35.8,249.2,85,2.931764706,21.18,191.4,88,2.175,8.61,12.4,1,12.4,3.35,67.57058147,89.37336127,52.29354171,209.2374845,1
179.3,104,0.580033463,30.48,225.9,86,2.626744186,19.2,323,78,4.141025641,14.54,8.6,7,1.228571429,2.32,13.63805615,38.33063373,77.39462634,129.3633162,0
157.9,105,0.664977834,26.84,155,101,1.534653465,13.18,189.6,84,2.257142857,8.53,8,5,1.6,2.16,42.61644059,96.2116893,53.14569737,191.9738273,1
214.3,118,0.550629958,36.43,208.5,76,2.743421053,17.72,182.4,98,1.86122449,8.21,12,2,6,3.24,37.18340287,66.07894421,34.59210821,137.8544553,0
154.1,104,0.674886437,26.2,123.4,84,1.469047619,10.49,202.1,57,3.545614035,9.09,10.9,9,1.211111111,2.94,44.50532776,22.06699126,96.23067549,162.8029945,0
237.9,125,0.525430853,40.44,247.6,93,2.662365591,21.05,208.9,68,3.072058824,9.4,13.9,4,3.475,3.75,74.49627505,26.91512525,33.752383,135.1637833,1
143.9,61,0.42390549,24.46,194.9,105,1.856190476,16.57,109.6,94,1.165957447,4.93,11.1,2,5.55,3,58.65896268,68.22636349,76.2360938,203.12142,0
203.4,100,0.491642085,34.58,190.9,104,1.835576923,16.23,196,119,1.647058824,8.82,8.9,4,2.225,2.4,12.55893163,98.73134325,47.17794549,158.4682204,1
124.3,100,0.804505229,21.13,173,107,1.61682243,14.71,253.2,62,4.083870968,11.39,7.9,9,0.877777778,2.13,65.61529646,54.01990022,18.91889363,138.5540903,0
252.9,93,0.367734282,42.99,178.4,112,1.592857143,15.16,263.9,105,2.513333333,11.88,9.5,7,1.357142857,2.57,4.336269091,71.69109387,60.90199353,136.9293565,0
179.1,71,0.396426577,30.45,190.6,81,2.35308642,16.2,127.7,91,1.403296703,5.75,10.6,7,1.514285714,2.86,49.53335862,2.61837114,34.97765777,87.12938753,0
278.4,106,0.380747126,47.33,81,113,0.716814159,6.89,163.2,137,1.191240876,7.34,9.8,5,1.96,2.65,29.30460974,43.00040231,59.297706,131.602718,0
160.1,110,0.687070581,27.22,213.3,72,2.9625,18.13,174.1,72,2.418055556,7.83,13,4,3.25,3.51,59.3862909,18.16891837,68.21979157,145.7750008,0
198.2,87,0.438950555,33.69,207.3,76,2.727631579,17.62,190.9,113,1.689380531,8.59,8.7,3,2.9,2.35,51.61806574,10.59121654,67.12901933,129.3383016,0
212.1,131,0.617633192,36.06,209.4,104,2.013461538,17.8,167.2,96,1.741666667,7.52,5.3,5,1.06,1.43,91.12091286,27.18695325,78.83799039,197.1458565,1
251.8,72,0.285941223,42.81,205.7,126,1.632539683,17.48,275.2,109,2.524770642,12.38,9.8,7,1.4,2.65,53.14556993,2.203239894,87.44833803,142.7971479,1
161.2,114,0.70719603,27.4,252.2,83,3.038554217,21.44,160.2,92,1.741304348,7.21,4.4,8,0.55,1.19,16.22916206,20.67951084,49.02202263,85.93069553,0
178.3,137,0.768367919,30.31,189,76,2.486842105,16.07,129.1,102,1.265686275,5.81,14.6,5,2.92,3.94,92.6355508,86.99808849,69.54732026,249.1809595,0
151.7,82,0.540540541,25.79,119,105,1.133333333,10.12,180,100,1.8,8.1,10.5,6,1.75,2.84,17.60342773,61.12794033,37.92915885,116.6605269,0
135,99,0.733333333,22.95,183.6,106,1.732075472,15.61,245.3,102,2.404901961,11.04,12.5,9,1.388888889,3.38,21.13449901,78.12454106,61.33524372,160.5942838,0
170.5,94,0.551319648,28.99,173.7,109,1.593577982,14.76,248.6,75,3.314666667,11.19,11.3,2,5.65,3.05,78.97287308,51.77755188,72.52346013,203.2738851,0
238.1,65,0.27299454,40.48,187.2,98,1.910204082,15.91,190,115,1.652173913,8.55,11.8,4,2.95,3.19,36.75364678,58.6082567,19.76368676,115.1255902,0
281.4,102,0.362473348,47.84,202.2,76,2.660526316,17.19,187.2,113,1.656637168,8.42,9,6,1.5,2.43,60.59586483,13.92270004,44.04626806,118.5648329,0
117.9,131,1.111111111,20.04,164.5,115,1.430434783,13.98,217,86,2.523255814,9.76,9.8,3,3.266666667,2.65,28.69942231,90.93265451,47.60688881,167.2389656,0
148.6,91,0.612382234,25.26,131.1,97,1.351546392,11.14,219.4,142,1.545070423,9.87,10.1,1,10.1,2.73,64.6122748,63.98775831,15.7346829,144.334716,0
229.8,90,0.391644909,39.07,147.9,121,1.22231405,12.57,241.4,108,2.235185185,10.86,9.6,7,1.371428571,2.59,91.47219699,13.72880885,31.2889596,136.4899654,0
165,100,0.606060606,28.05,317.2,83,3.821686747,26.96,119.2,86,1.386046512,5.36,8.3,8,1.0375,2.24,41.01196387,10.9705135,86.1226246,138.105102,0
185,117,0.632432432,31.45,223.3,94,2.375531915,18.98,222.8,91,2.448351648,10.03,12.6,2,6.3,3.4,68.54149727,82.28801527,69.43707539,220.2665879,0
161,117,0.726708075,27.37,190.9,113,1.689380531,16.23,227.7,113,2.015044248,10.25,12.1,4,3.025,3.27,24.83502506,39.28587267,3.910785819,68.03168355,0
126.7,108,0.852407261,21.54,206,90,2.288888889,17.51,247.8,114,2.173684211,11.15,13.3,7,1.9,3.59,41.20804731,93.21313853,11.79435189,146.2155377,0
58.9,125,2.122241087,10.01,169.6,59,2.874576271,14.42,211.4,88,2.402272727,9.51,9.4,3,3.133333333,2.54,45.52857048,22.85871719,16.62247449,85.00976217,0
196.8,89,0.452235772,33.46,254.9,122,2.089344262,21.67,138.3,126,1.097619048,6.22,20,6,3.333333333,5.4,84.47427426,7.866728597,56.81603187,149.1570347,1
162.6,83,0.510455105,27.64,152.3,109,1.397247706,12.95,57.5,122,0.471311475,2.59,14.2,3,4.733333333,3.83,89.48347412,41.76612939,79.37045892,210.6200624,0
282.5,114,0.403539823,48.03,219.9,48,4.58125,18.69,170,115,1.47826087,7.65,9.4,4,2.35,2.54,99.90243314,28.98756151,10.96090609,139.8509007,1
113.7,117,1.029023747,19.33,157.5,82,1.920731707,13.39,177.6,118,1.505084746,7.99,10,3,3.333333333,2.7,44.30878453,68.19592694,31.20644386,143.7111553,0
239.8,125,0.521267723,40.77,214.8,111,1.935135135,18.26,143.3,81,1.769135802,6.45,8.7,5,1.74,2.35,38.82334698,63.90622844,71.5556096,174.285185,0
210.2,92,0.437678402,35.73,227.3,77,2.951948052,19.32,200.1,116,1.725,9,13.1,7,1.871428571,3.54,59.33802546,22.45750384,41.61945941,123.4149887,0
213.8,102,0.477081384,36.35,141.8,86,1.648837209,12.05,142.2,123,1.156097561,6.4,7.2,3,2.4,1.94,96.53547448,31.55147812,29.96265049,158.0496031,0
190.7,103,0.540115364,32.42,183.5,117,1.568376068,15.6,220.8,103,2.14368932,9.94,9.8,4,2.45,2.65,92.71661596,66.40409266,80.8748445,239.9955531,0
170.9,124,0.725570509,29.05,132.3,95,1.392631579,11.25,112.9,89,1.268539326,5.08,11.6,3,3.866666667,3.13,76.96390917,7.775746952,68.62452458,153.3641807,0
154.2,119,0.771725032,26.21,110.2,98,1.124489796,9.37,227.4,117,1.943589744,10.23,9.2,5,1.84,2.48,21.01890711,33.73712315,45.013538,99.76956826,0
201.4,52,0.258192651,34.24,229.4,104,2.205769231,19.5,252.5,106,2.382075472,11.36,12,3,4,3.24,19.48091596,47.15892362,36.03949204,102.6793316,0
70.7,108,1.52758133,12.02,157.5,87,1.810344828,13.39,154.8,82,1.887804878,6.97,9.1,3,3.033333333,2.46,93.44319897,46.24910801,91.88822764,231.5805346,1
187.5,124,0.661333333,31.88,146.6,103,1.423300971,12.46,225.7,129,1.749612403,10.16,6.4,6,1.066666667,1.73,45.34880575,92.44404229,52.6677349,190.4605829,1
91.7,90,0.981461287,15.59,193.7,123,1.574796748,16.46,175,86,2.034883721,7.88,9.2,4,2.3,2.48,74.59118558,59.7184685,26.55598777,160.8656419,0
214.2,115,0.536881419,36.41,161.7,117,1.382051282,13.74,264.7,102,2.595098039,11.91,9.5,4,2.375,2.57,20.36757808,33.69229137,41.82898713,95.88885658,0
145.5,92,0.632302405,24.74,217.7,114,1.909649123,18.5,146.9,123,1.194308943,6.61,10.9,2,5.45,2.94,29.65037361,99.66489718,40.1207261,169.4359969,0
166.3,125,0.751653638,28.27,158.2,86,1.839534884,13.45,256.7,80,3.20875,11.55,6.1,5,1.22,1.65,93.87435421,70.4136414,85.3853255,249.6733211,0
231,115,0.497835498,39.27,230.4,140,1.645714286,19.58,261.4,120,2.178333333,11.76,9.5,3,3.166666667,2.57,85.1345391,81.91249643,56.52305136,223.5700869,0
200.3,96,0.479281078,34.05,201.2,102,1.97254902,17.1,206.1,60,3.435,9.27,7.1,1,7.1,1.92,65.18488131,13.45108923,69.25016639,147.8861369,0
197,109,0.553299492,33.49,202.6,128,1.5828125,17.22,206.4,80,2.58,9.29,9.1,10,0.91,2.46,6.124121319,69.13355109,85.46839003,160.7260624,0
129.9,112,0.862201694,22.08,173.3,83,2.087951807,14.73,247.2,130,1.901538462,11.12,11.2,3,3.733333333,3.02,5.11040245,74.11374736,35.65046308,114.8746129,0
175.8,97,0.551763367,29.89,217.5,106,2.051886792,18.49,237.5,134,1.77238806,10.69,5.3,4,1.325,1.43,88.03322175,46.76102453,27.91035558,162.7046019,0
203.1,106,0.521910389,34.53,210.1,113,1.859292035,17.86,195.6,129,1.51627907,8.8,12,3,4,3.24,43.62543536,61.48328896,17.74141422,122.8501385,0
183.2,117,0.638646288,31.14,126.8,76,1.668421053,10.78,263.3,71,3.708450704,11.85,11.2,8,1.4,3.02,52.26952518,75.9082649,68.05634056,196.2341306,0
205,101,0.492682927,34.85,152,60,2.533333333,12.92,158.6,59,2.688135593,7.14,10.2,5,2.04,2.75,58.91140628,19.35782379,28.30831104,106.5775411,0
148.5,115,0.774410774,25.25,276.4,84,3.29047619,23.49,193.6,112,1.728571429,8.71,12.4,3,4.133333333,3.35,11.38916229,50.42909434,25.63825768,87.45651432,0
200.3,68,0.339490764,34.05,220.4,97,2.272164948,18.73,253.8,116,2.187931034,11.42,10.5,4,2.625,2.84,92.40291757,10.63513665,65.30505594,168.3431102,0
192.6,107,0.555555556,32.74,195.5,74,2.641891892,16.62,109.7,139,0.789208633,4.94,6.8,5,1.36,1.84,96.72202168,74.63305986,52.51184725,223.8669288,0
246.5,47,0.190669371,41.91,195.5,84,2.327380952,16.62,200.5,96,2.088541667,9.02,11.7,4,2.925,3.16,11.89663583,31.25895005,99.29881167,142.4543976,0
167.1,86,0.514661879,28.41,177.5,87,2.040229885,15.09,249.4,132,1.889393939,11.22,14.1,7,2.014285714,3.81,46.09400055,35.27686573,97.92133648,179.2922028,1
231.9,101,0.435532557,39.42,160.1,94,1.703191489,13.61,110.4,98,1.126530612,4.97,14.3,6,2.383333333,3.86,31.18565848,85.59932746,12.20604717,128.9910331,0
146.7,91,0.620313565,24.94,203.5,78,2.608974359,17.3,203.4,110,1.849090909,9.15,13.7,3,4.566666667,3.7,8.590056274,33.72361923,99.74574536,142.0594209,0
271.5,87,0.320441989,46.16,216.3,126,1.716666667,18.39,121.1,105,1.153333333,5.45,11.7,4,2.925,3.16,63.77150418,62.38113794,91.26664452,217.4192867,0
181.5,121,0.666666667,30.86,218.4,98,2.228571429,18.56,161.6,103,1.568932039,7.27,8.5,5,1.7,2.3,48.10895478,99.7096965,24.05281828,171.8714696,0
257.7,97,0.376406674,43.81,162.1,95,1.706315789,13.78,286.9,86,3.336046512,12.91,11.1,4,2.775,3,88.24714878,16.12634792,85.11375613,189.4872528,0
193.8,99,0.510835913,32.95,221.4,125,1.7712,18.82,172.3,67,2.571641791,7.75,10.6,6,1.766666667,2.86,13.50169061,75.85307392,5.417369561,94.77213409,0
102.8,119,1.157587549,17.48,206.7,91,2.271428571,17.57,299,105,2.847619048,13.46,10.1,7,1.442857143,2.73,72.74710834,56.85084361,30.01011708,159.608069,0
187.9,116,0.617349654,31.94,157.6,117,1.347008547,13.4,227.3,86,2.643023256,10.23,7.5,6,1.25,2.03,52.09618325,8.200364378,94.45651294,154.7530606,0
226,112,0.495575221,38.42,248.5,118,2.105932203,21.12,140.5,142,0.98943662,6.32,6.9,11,0.627272727,1.86,48.79191485,14.56599015,82.52543709,145.8833421,0
260.4,115,0.441628264,44.27,146,46,3.173913043,12.41,269.5,87,3.097701149,12.13,11.5,4,2.875,3.11,38.33326031,55.9338679,78.51226567,172.7793939,0
178.7,116,0.649132625,30.38,292.1,138,2.116666667,24.83,265.9,101,2.632673267,11.97,9.8,4,2.45,2.65,25.23548608,82.06256688,74.27665111,181.5747041,0
337.4,120,0.355660937,57.36,227.4,116,1.960344828,19.33,153.9,114,1.35,6.93,15.8,7,2.257142857,4.27,32.89730766,7.994962012,73.00040913,113.8926788,1
157.6,129,0.818527919,26.79,247,96,2.572916667,21,259.2,112,2.314285714,11.66,13.7,2,6.85,3.7,48.68474729,89.84595546,64.83238028,203.363083,0
183.6,117,0.637254902,31.21,256.7,72,3.565277778,21.82,178.6,79,2.260759494,8.04,10.2,2,5.1,2.75,20.53652484,53.87845983,67.37511281,141.7900975,0
142.1,124,0.872624912,24.16,183.4,129,1.421705426,15.59,164.8,114,1.445614035,7.42,9.6,4,2.4,2.59,57.93357664,90.71319605,58.25454232,206.901315,0
136.3,97,0.711665444,23.17,172.2,108,1.594444444,14.64,137.5,101,1.361386139,6.19,7.1,5,1.42,1.92,74.37395891,20.35554849,61.734629,156.4641364,0
217.1,110,0.50667895,36.91,241.5,111,2.175675676,20.53,253.5,103,2.461165049,11.41,12,6,2,3.24,99.11219962,19.50469203,27.09916095,145.7160526,0
187.5,99,0.528,31.88,241.4,116,2.081034483,20.52,229.5,105,2.185714286,10.33,10.5,5,2.1,2.84,45.57498838,87.60001148,3.851616917,137.0266168,0
98.9,103,1.041456016,16.81,135.4,122,1.109836066,11.51,236.6,82,2.885365854,10.65,12.2,1,12.2,3.29,5.877923355,17.50134965,74.83509066,98.21436367,0
206.3,151,0.731943771,35.07,148.6,89,1.669662921,12.63,167.2,91,1.837362637,7.52,6.1,3,2.033333333,1.65,82.29536739,36.87794162,83.65292516,202.8262342,0
243.1,92,0.378445084,41.33,213.8,92,2.323913043,18.17,228.7,104,2.199038462,10.29,12.1,2,6.05,3.27,91.7419296,0.124473805,36.22353244,128.0899358,0
189.8,126,0.663856691,32.27,163.3,133,1.227819549,13.88,264.8,126,2.101587302,11.92,7.5,3,2.5,2.03,77.56435163,87.45926703,64.82901997,229.8526386,0
202,102,0.504950495,34.34,243.2,128,1.9,20.67,261.3,90,2.903333333,11.76,10.9,3,3.633333333,2.94,90.26431588,42.291934,97.3034043,229.8596542,0
170.1,124,0.728982951,28.92,193.3,116,1.66637931,16.43,105.9,73,1.450684932,4.77,12.8,4,3.2,3.46,10.08309921,88.70643119,95.58693517,194.3764656,0
230.9,87,0.376786488,39.25,187.4,90,2.082222222,15.93,154,53,2.905660377,6.93,6.3,2,3.15,1.7,7.403514752,86.11819095,58.57169976,152.0934055,0
237.1,105,0.442851118,40.31,223.5,105,2.128571429,19,97.4,79,1.232911392,4.38,13.2,2,6.6,3.56,18.49431604,99.87380692,79.38038818,197.7485111,0
182.1,91,0.499725426,30.96,169.7,98,1.731632653,14.42,164.7,86,1.915116279,7.41,10.6,5,2.12,2.86,84.35610489,41.53971888,8.850602511,134.7464263,0
119.3,87,0.729253982,20.28,211.5,101,2.094059406,17.98,268.9,86,3.126744186,12.1,10.5,4,2.625,2.84,43.18950849,9.208264293,19.77594388,72.17371666,0
116.8,87,0.744863014,19.86,178.9,93,1.923655914,15.21,182.4,150,1.216,8.21,14.1,2,7.05,3.81,10.00701683,84.76105624,69.15243233,163.9205054,0
219.2,92,0.419708029,37.26,149.4,125,1.1952,12.7,244.7,104,2.352884615,11.01,6.1,5,1.22,1.65,29.63190567,43.35360286,66.72393625,139.7094448,0
252.6,104,0.411718131,42.94,169,125,1.352,14.37,170.9,106,1.612264151,7.69,11.1,7,1.585714286,3,88.13394484,58.43386771,84.85797777,231.4257903,0
147.1,91,0.618626785,25.01,190.4,107,1.779439252,16.18,195.2,115,1.697391304,8.78,12.2,3,4.066666667,3.29,5.441507768,49.16170742,15.57202,70.1752352,0
202.1,103,0.509648689,34.36,229.4,86,2.66744186,19.5,195.2,113,1.727433628,8.78,11.5,3,3.833333333,3.11,88.18813809,51.09202154,92.82940227,232.1095619,0
173.5,93,0.536023055,29.5,194.1,76,2.553947368,16.5,208,112,1.857142857,9.36,16.2,10,1.62,4.37,31.17421348,89.85458775,31.09752811,152.1263294,0
232.1,122,0.525635502,39.46,292.3,112,2.609821429,24.85,201.2,112,1.796428571,9.05,0,0,0,0,44.71978783,2.833035754,81.12405101,128.6768746,0
197.1,125,0.63419584,33.51,214.5,136,1.577205882,18.23,282.2,103,2.739805825,12.7,9.5,5,1.9,2.57,79.3910681,56.02478523,67.86118573,203.2770391,0
58.2,94,1.615120275,9.89,138.7,118,1.175423729,11.79,136.8,91,1.503296703,6.16,11.9,1,11.9,3.21,53.61625383,41.01807763,64.57645559,159.210787,1
115.6,111,0.960207612,19.65,237.7,94,2.528723404,20.2,169.9,103,1.649514563,7.65,9.9,12,0.825,2.67,12.81967577,88.54066159,43.52398834,144.8843257,0
186.1,98,0.526598603,31.64,254.3,57,4.461403509,21.62,214,127,1.68503937,9.63,14.6,7,2.085714286,3.94,17.13468127,76.08285761,43.27809264,136.4956315,0
259.9,68,0.261639092,44.18,245,122,2.008196721,20.83,134.4,121,1.110743802,6.05,8.4,3,2.8,2.27,6.77953028,52.08181715,84.08817088,142.9495183,0
214.3,145,0.676621559,36.43,268.5,135,1.988888889,22.82,241.2,92,2.62173913,10.85,10.8,13,0.830769231,2.92,77.59255485,80.95798771,80.27659397,238.8271365,0
158.7,74,0.466288595,26.98,64.3,139,0.462589928,5.47,198.5,103,1.927184466,8.93,10.2,4,2.55,2.75,70.62631116,55.62571261,6.424517102,132.6765409,0
271.6,71,0.261413844,46.17,229.4,108,2.124074074,19.5,77.3,121,0.638842975,3.48,10.9,3,3.633333333,2.94,82.69483152,45.93807956,53.14470655,181.7776176,0
160.6,111,0.691158157,27.3,163.2,126,1.295238095,13.87,187.1,112,1.670535714,8.42,9,3,3,2.43,75.3425466,92.23364794,94.20197567,261.7781702,0
232.4,109,0.469018933,39.51,187.4,95,1.972631579,15.93,231.2,107,2.160747664,10.4,9.1,3,3.033333333,2.46,0.707737055,45.93068274,56.09470101,102.7331208,0
133.8,85,0.635276532,22.75,180.5,94,1.920212766,15.34,112.2,115,0.975652174,5.05,8.9,4,2.225,2.4,63.16760651,46.58599815,53.12060081,162.8742055,0
176.9,109,0.616167326,30.07,90.7,104,0.872115385,7.71,238,69,3.449275362,10.71,9.5,2,4.75,2.57,19.64788322,7.597933672,88.77965707,116.025474,0
209.9,74,0.352548833,35.68,195.1,77,2.533766234,16.58,208.2,119,1.749579832,9.37,8.8,4,2.2,2.38,6.310298021,10.65369074,8.705140608,25.66912937,0
137.5,118,0.858181818,23.38,203.2,88,2.309090909,17.27,150,131,1.145038168,6.75,13.4,2,6.7,3.62,49.12384033,91.00087381,53.01547044,193.1401846,0
289.5,52,0.179620035,49.22,166.6,111,1.500900901,14.16,119.1,88,1.353409091,5.36,9.5,4,2.375,2.57,41.48331142,71.16205716,32.1952049,144.8405735,0
198.1,86,0.43412418,33.68,177,86,2.058139535,15.05,180.5,92,1.961956522,8.12,6.8,6,1.133333333,1.84,84.80452222,99.17087581,95.20987744,279.1852755,0
149.7,119,0.79492318,25.45,182.2,115,1.584347826,15.49,261.5,126,2.075396825,11.77,9.7,8,1.2125,2.62,84.08737684,50.08048953,66.4305528,200.5984192,0
326.5,67,0.205206738,55.51,176.3,113,1.560176991,14.99,181.7,102,1.781372549,8.18,10.7,6,1.783333333,2.89,85.15366014,0.902420806,42.59112996,128.6472109,1
292.9,101,0.344827586,49.79,199.7,97,2.058762887,16.97,255.3,127,2.01023622,11.49,13.8,7,1.971428571,3.73,21.176034,79.38522075,37.7698433,138.3310981,1
83,64,0.771084337,14.11,177,106,1.669811321,15.05,245.7,89,2.760674157,11.06,13,3,4.333333333,3.51,27.95061939,1.53115205,52.30410801,81.78587944,0
145.7,146,1.002059025,24.77,220.5,136,1.621323529,18.74,249.9,96,2.603125,11.25,13.1,5,2.62,3.54,68.09689026,52.27199658,3.347089361,123.7159762,0
182.3,101,0.554031816,30.99,328.2,93,3.529032258,27.9,245,131,1.870229008,11.03,11.2,1,11.2,3.02,24.89233291,49.00808302,61.17084585,135.0712618,0
218,86,0.394495413,37.06,184,94,1.957446809,15.64,240.5,110,2.186363636,10.82,6.4,8,0.8,1.73,22.35321294,96.44820312,86.04782317,204.8492392,0
140.6,109,0.775248933,23.9,178.6,51,3.501960784,15.18,217,83,2.614457831,9.76,6.8,3,2.266666667,1.84,42.96706875,98.45139326,98.42501022,239.8434722,0
152.7,105,0.68762279,25.96,257.5,80,3.21875,21.89,198.1,93,2.130107527,8.91,9.4,4,2.35,2.54,3.769933405,25.83426248,8.237953633,37.84214952,0
106.7,76,0.712277413,18.14,209.8,77,2.724675325,17.83,190.4,117,1.627350427,8.57,12.1,2,6.05,3.27,29.25892586,36.96925849,40.99468796,107.2228723,0
243.8,98,0.401968827,41.45,83.9,72,1.165277778,7.13,179.8,84,2.14047619,8.09,13.7,8,1.7125,3.7,68.08908333,23.82615069,36.53864128,128.4538753,0
194.4,94,0.483539095,33.05,186.7,95,1.965263158,15.87,223.3,90,2.481111111,10.05,10.8,5,2.16,2.92,24.44450838,68.95844367,4.306191416,97.70914347,0
213.9,95,0.444132772,36.36,151.9,70,2.17,12.91,260.1,124,2.097580645,11.7,12.2,5,2.44,3.29,66.07164872,81.50158712,11.08829875,158.6615346,0
217.2,112,0.515653775,36.92,246.7,89,2.771910112,20.97,226.1,89,2.540449438,10.17,15.8,7,2.257142857,4.27,23.16644889,88.92346004,15.8437712,127.9336801,0
241.1,72,0.298631273,40.99,155.6,98,1.587755102,13.23,188.2,109,1.726605505,8.47,11.6,10,1.16,3.13,39.22088041,70.63090021,40.123803,149.9755836,0
203.5,100,0.491400491,34.6,247.6,103,2.403883495,21.05,194.3,94,2.067021277,8.74,11.9,11,1.081818182,3.21,2.426490518,34.67264001,78.26082559,115.3599561,0
155.2,131,0.844072165,26.38,244.5,106,2.306603774,20.78,122.4,68,1.8,5.51,10.7,3,3.566666667,2.89,54.24306454,54.68154028,60.3721628,169.2967676,0
167.6,139,0.829355609,28.49,113,118,0.957627119,9.61,246.9,121,2.040495868,11.11,12.2,6,2.033333333,3.29,73.76181006,97.15571396,30.22329215,201.1408162,0
226.7,98,0.432289369,38.54,228.1,115,1.983478261,19.39,73.2,93,0.787096774,3.29,17.6,4,4.4,4.75,24.34019297,97.71416034,23.24982232,145.3041756,1
179.3,93,0.51868377,30.48,178.6,98,1.82244898,15.18,225.2,131,1.719083969,10.13,11.5,6,1.916666667,3.11,73.85432314,22.13978147,50.6685767,146.6626813,0
151.4,89,0.587846764,25.74,186.4,76,2.452631579,15.84,172.5,120,1.4375,7.76,10.9,3,3.633333333,2.94,97.47630453,87.2265721,69.16494068,253.8678173,0
180,80,0.444444444,30.6,224.2,82,2.734146341,19.06,265.4,91,2.916483516,11.94,4.7,7,0.671428571,1.27,36.81592579,88.5905103,90.55921378,215.9656499,0
250.2,121,0.48361311,42.53,267.1,118,2.263559322,22.7,151,114,1.324561404,6.8,13,2,6.5,3.51,87.44453473,66.11759434,20.92833169,174.4904608,1
223,121,0.542600897,37.91,110.1,98,1.123469388,9.36,188.7,107,1.763551402,8.49,7.1,12,0.591666667,1.92,8.359928097,38.09186668,68.4111082,114.862903,0
183.6,116,0.631808279,31.21,152.6,98,1.557142857,12.97,212.2,99,2.143434343,9.55,12.2,6,2.033333333,3.29,27.95251194,9.941865658,68.10483048,105.9992081,0
166,114,0.686746988,28.22,174.5,103,1.694174757,14.83,244.9,68,3.601470588,11.02,10.2,6,1.7,2.75,2.481291109,62.01573485,73.05839747,137.5554234,0
136.1,112,0.82292432,23.14,272.9,96,2.842708333,23.2,220.2,104,2.117307692,9.91,4.4,2,2.2,1.19,32.10840443,67.57866259,73.52768237,173.2147494,0
149.3,113,0.756865372,25.38,242.2,122,1.985245902,20.59,174.3,104,1.675961538,7.84,8.9,6,1.483333333,2.4,86.03872618,66.60318873,11.66929399,164.3112089,0
65.4,97,1.483180428,11.12,168.2,76,2.213157895,14.3,236,113,2.088495575,10.62,13.8,1,13.8,3.73,24.35295815,70.015276,54.60465032,148.9728845,0
213.4,111,0.520149953,36.28,234.5,94,2.494680851,19.93,250.1,123,2.033333333,11.25,2.7,4,0.675,0.73,69.20697366,26.25133099,92.15724564,187.6155503,0
206.9,85,0.410826486,35.17,244.7,78,3.137179487,20.8,221.5,136,1.628676471,9.97,7.7,2,3.85,2.08,59.05111338,40.87300763,51.39039009,151.3145111,0
186.2,78,0.418904404,31.65,189.6,83,2.284337349,16.12,76.5,139,0.550359712,3.44,9.6,3,3.2,2.59,12.31014266,36.56389514,49.84408473,98.71812253,0
280.2,136,0.485367595,47.63,220.5,92,2.39673913,18.74,136.9,102,1.342156863,6.16,13.3,3,4.433333333,3.59,52.42748875,55.80308645,45.61033873,153.8409139,0
196.6,84,0.427263479,33.42,313.2,92,3.404347826,26.62,163.3,108,1.512037037,7.35,11.9,3,3.966666667,3.21,26.97074715,82.6963784,29.62328069,139.2904062,0
312,109,0.349358974,53.04,129.4,100,1.294,11,217.6,74,2.940540541,9.79,10.5,2,5.25,2.84,10.39938293,55.03831246,40.88485295,106.3225483,1
199,110,0.552763819,33.83,291.3,111,2.624324324,24.76,197.6,92,2.147826087,8.89,11,6,1.833333333,2.97,30.1408207,52.65451534,37.13540284,119.9307389,0
203.1,96,0.47267356,34.53,217,126,1.722222222,18.45,180.9,122,1.482786885,8.14,13.5,2,6.75,3.65,21.43762213,19.66241045,31.27815749,72.37819007,0
168.8,97,0.57464455,28.7,220.3,87,2.532183908,18.73,154.3,113,1.365486726,6.94,10.9,2,5.45,2.94,51.04526238,60.22615263,60.35067348,171.6220885,0
173.1,140,0.808781051,29.43,240.3,105,2.288571429,20.43,233.2,117,1.993162393,10.49,9,5,1.8,2.43,48.4044985,95.55429364,51.35995917,195.3187513,0
134.4,106,0.788690476,22.85,211.3,98,2.156122449,17.96,193.6,125,1.5488,8.71,10.2,2,5.1,2.75,62.65111786,26.96886383,9.470327894,99.09030958,1
202.6,103,0.508390918,34.44,118.8,128,0.928125,10.1,234.9,98,2.396938776,10.57,9,9,1,2.43,6.494079214,44.50424941,85.64068668,136.6390153,0
74.5,117,1.570469799,12.67,200.8,98,2.048979592,17.07,192.2,101,1.902970297,8.65,9.8,7,1.4,2.65,22.43561113,93.46770749,33.28416447,149.1874831,0
83.6,148,1.770334928,14.21,120.9,91,1.328571429,10.28,226.6,110,2.06,10.2,10.7,9,1.188888889,2.89,91.81295045,80.74878374,87.26019424,259.8219284,0
192.2,86,0.447450572,32.67,168.6,116,1.453448276,14.33,139.8,87,1.606896552,6.29,9.4,6,1.566666667,2.54,82.00984011,25.78321395,60.43547326,168.2285273,0
220.2,89,0.40417802,37.43,88.3,125,0.7064,7.51,195.3,79,2.472151899,8.79,12.9,5,2.58,3.48,15.69511932,8.603692426,26.67087504,50.96968679,0
135.1,95,0.703182828,22.97,134.1,102,1.314705882,11.4,223.1,81,2.754320988,10.04,12.3,2,6.15,3.32,67.39577673,72.84724051,1.501988277,141.7450055,1
253.4,77,0.303867403,43.08,182.4,151,1.20794702,15.5,275.8,103,2.677669903,12.41,8.4,2,4.2,2.27,77.07327,80.46075425,76.81795612,234.3519804,0
225,81,0.36,38.25,176.9,63,2.807936508,15.04,194.3,110,1.766363636,8.74,7.1,2,3.55,1.92,24.33687494,84.91036521,10.33975807,119.5869982,0
198.5,99,0.498740554,33.75,267.8,60,4.463333333,22.76,354.9,75,4.732,15.97,9.4,3,3.133333333,2.54,41.19935716,60.19442602,72.07257145,173.4663546,1
110.3,107,0.970081596,18.75,166.5,93,1.790322581,14.15,202.3,96,2.107291667,9.1,9.5,5,1.9,2.57,28.48277619,49.91089338,69.71771941,148.111389,0
60,102,1.7,10.2,102.2,80,1.2775,8.69,261.8,106,2.469811321,11.78,11.1,3,3.7,3,93.27119603,58.59130799,41.26498057,193.1274846,0
214.8,94,0.437616387,36.52,149.7,58,2.581034483,12.72,283.4,66,4.293939394,12.75,10.2,5,2.04,2.75,69.84014894,2.164351487,94.65087514,166.6553756,0
181.8,85,0.467546755,30.91,202.4,98,2.065306122,17.2,245.9,97,2.535051546,11.07,9.2,2,4.6,2.48,97.81777009,69.56344084,15.26326339,182.6444743,0
154,114,0.74025974,26.18,278,137,2.02919708,23.63,228.4,112,2.039285714,10.28,11.8,4,2.95,3.19,1.99202574,58.87019498,14.20381513,75.06603585,0
157.4,99,0.628970775,26.76,117.9,80,1.47375,10.02,279.2,79,3.534177215,12.56,13.9,11,1.263636364,3.75,98.31183864,6.086852015,40.72878302,145.1274737,1
207.9,91,0.437710438,35.34,172,109,1.577981651,14.62,191.8,143,1.341258741,8.63,14.4,7,2.057142857,3.89,22.47991693,21.24644819,28.50252176,72.22888688,0
207,90,0.434782609,35.19,232.9,83,2.806024096,19.8,172.4,108,1.596296296,7.76,9.1,8,1.1375,2.46,17.452649,92.31045009,67.92542647,177.6885256,0
119,101,0.848739496,20.23,230,134,1.71641791,19.55,236.9,58,4.084482759,10.66,9.5,3,3.166666667,2.57,68.97325108,78.21965421,17.63319347,164.8260988,0
143.7,117,0.814196242,24.43,273,82,3.329268293,23.21,178.3,81,2.201234568,8.02,10.9,3,3.633333333,2.94,40.29302387,98.56141245,54.61482097,193.4692573,0
165.9,126,0.759493671,28.2,216.5,93,2.327956989,18.4,173.1,86,2.012790698,7.79,14.1,8,1.7625,3.81,71.72046128,65.9828348,83.58591575,221.2892118,0
138.6,122,0.88023088,23.56,172.3,117,1.472649573,14.65,231.6,92,2.517391304,10.42,9.8,3,3.266666667,2.65,5.072568858,1.169125289,89.40469985,95.646394,0
84.7,118,1.393152302,14.4,249.9,86,2.905813953,21.24,193.4,95,2.035789474,8.7,14.5,8,1.8125,3.92,1.614277819,97.96098847,91.45739274,191.032659,0
62.6,111,1.773162939,10.64,180.6,126,1.433333333,15.35,221.7,80,2.77125,9.98,10.4,2,5.2,2.81,90.17994237,9.82576149,21.20071069,121.2064146,1
155.2,79,0.509020619,26.38,235.3,123,1.91300813,20,169.4,80,2.1175,7.62,8.7,4,2.175,2.35,38.55826796,68.95521849,5.525982121,113.0394686,0
164.9,110,0.667070952,28.03,209.3,105,1.993333333,17.79,231.2,55,4.203636364,10.4,6.7,9,0.744444444,1.81,29.29875669,25.46563571,51.54255351,106.3069459,0
134.5,88,0.654275093,22.87,143.1,112,1.277678571,12.16,223.9,61,3.670491803,10.08,15.4,1,15.4,4.16,67.57045866,34.07091172,6.216717049,107.8580874,0
143.3,103,0.718771807,24.36,211.3,108,1.956481481,17.96,185.2,96,1.929166667,8.33,11.5,3,3.833333333,3.11,99.93140379,8.993283741,47.89456213,156.8192497,0
168.3,110,0.653594771,28.61,221.2,73,3.030136986,18.8,241,136,1.772058824,10.85,12.5,1,12.5,3.38,76.83204945,16.7684854,30.08067162,123.6812065,0
262.4,55,0.209603659,44.61,194.6,113,1.722123894,16.54,146.5,85,1.723529412,6.59,8.3,6,1.383333333,2.24,31.50391501,18.34252337,95.81129767,145.6577361,0
206.2,79,0.383123181,35.05,260,91,2.857142857,22.1,291.6,83,3.513253012,13.12,11.4,6,1.9,3.08,66.04411477,3.312946361,84.03217581,153.3892369,0
225.8,94,0.416297609,38.39,193,117,1.64957265,16.41,232.4,100,2.324,10.46,8.4,9,0.933333333,2.27,44.33810599,69.81018233,17.74823479,131.8965231,0
138.3,89,0.643528561,23.51,170.5,78,2.185897436,14.49,263.9,98,2.692857143,11.88,13.5,6,2.25,3.65,31.71179143,95.45647686,34.82675598,161.9950243,0
94.4,104,1.101694915,16.05,136.2,101,1.348514851,11.58,147.4,89,1.656179775,6.63,4.5,4,1.125,1.22,57.39114959,6.804765041,59.91125378,124.1071684,0
160,123,0.76875,27.2,175.4,96,1.827083333,14.91,184.8,99,1.866666667,8.32,9.9,3,3.3,2.67,21.53517283,59.32468963,43.85826673,124.7181292,0
206.6,105,0.508228461,35.12,224.9,117,1.922222222,19.12,249.9,100,2.499,11.25,14.6,3,4.866666667,3.94,19.50452563,86.21852867,84.75435453,190.4774088,0
134.7,121,0.898292502,22.9,180,83,2.168674699,15.3,200.9,104,1.931730769,9.04,7.7,3,2.566666667,2.08,83.89183751,12.98746487,37.25043627,134.1297386,0
214.4,78,0.36380597,36.45,235.2,100,2.352,19.99,206.2,107,1.927102804,9.28,8,13,0.615384615,2.16,42.63397015,62.5322022,90.34605396,195.5122263,0
192.8,104,0.539419087,32.78,234.4,96,2.441666667,19.92,203.2,101,2.011881188,9.14,13,3,4.333333333,3.51,95.93101532,2.529287702,73.64616314,172.1064662,0
151.1,90,0.595632032,25.69,194.8,79,2.465822785,16.56,239.2,114,2.098245614,10.76,10,3,3.333333333,2.7,65.42894914,0.816157394,16.10714809,82.35225462,0
221.4,103,0.465221319,37.64,231.8,103,2.250485437,19.7,122.5,100,1.225,5.51,9.8,5,1.96,2.65,90.96621062,1.690092026,20.30002826,112.9563309,0
218.9,88,0.40201005,37.21,208,85,2.447058824,17.68,203.3,99,2.053535354,9.15,11.1,4,2.775,3,78.54834395,99.39178944,48.65235614,226.5924895,0
189.8,96,0.505795574,32.27,123.4,67,1.841791045,10.49,214.2,106,2.020754717,9.64,6.5,2,3.25,1.76,55.37863267,55.63290101,15.57209097,126.5836246,1
192.7,85,0.441100156,32.76,225.9,105,2.151428571,19.2,254.2,59,4.308474576,11.44,10.9,6,1.816666667,2.94,78.43293887,46.06050167,99.02950651,223.522947,0
204.4,135,0.660469667,34.75,219.1,90,2.434444444,18.62,222.7,114,1.953508772,10.02,10.5,6,1.75,2.84,69.06404254,12.86677088,40.56005013,122.4908636,0
172.3,97,0.562971561,29.29,174,108,1.611111111,14.79,188.2,119,1.581512605,8.47,13,4,3.25,3.51,63.73027801,76.79729246,55.26297287,195.7905433,0
198.4,93,0.46875,33.73,210.9,108,1.952777778,17.93,193.3,71,2.722535211,8.7,10.4,6,1.733333333,2.81,16.22688856,64.36443021,91.56977856,172.1610973,0
211.7,115,0.54322154,35.99,159.9,84,1.903571429,13.59,144.1,80,1.80125,6.48,12.2,1,12.2,3.29,85.3798605,35.48800808,45.48694451,166.3548131,0
221.6,74,0.333935018,37.67,288.4,100,2.884,24.51,240.3,105,2.288571429,10.81,9,2,4.5,2.43,12.39138498,15.81223109,78.84931552,107.0529316,0
197.9,108,0.545730167,33.64,181.5,109,1.665137615,15.43,281.4,56,5.025,12.66,6.7,5,1.34,1.81,98.78110856,91.16686855,73.02794454,262.9759217,0
147.5,90,0.610169492,25.08,175.7,108,1.626851852,14.93,252.1,102,2.471568627,11.34,15.6,3,5.2,4.21,72.84772385,17.88453117,6.757285898,97.48954093,0
206.4,122,0.591085271,35.09,128,102,1.254901961,10.88,194.5,84,2.31547619,8.75,8.8,5,1.76,2.38,60.31372948,37.82216712,23.10866787,121.2445645,0
205.9,88,0.427391938,35,209.3,86,2.43372093,17.79,289.9,84,3.451190476,13.05,14.5,4,3.625,3.92,35.46744914,78.12477168,95.62119554,209.2134164,0
207.6,88,0.4238921,35.29,132.4,63,2.101587302,11.25,255.2,98,2.604081633,11.48,14.1,5,2.82,3.81,89.87338296,76.40705251,69.18984345,235.4702789,0
303.9,95,0.31260283,51.66,260.9,114,2.288596491,22.18,312.1,89,3.506741573,14.04,5.3,3,1.766666667,1.43,9.20075138,70.07335192,16.0535634,95.3276667,1
230.6,121,0.524718127,39.2,219.4,99,2.216161616,18.65,299.3,94,3.184042553,13.47,8,2,4,2.16,22.22118606,10.32518931,9.271782232,41.8181576,0
99.5,110,1.105527638,16.92,129.1,80,1.61375,10.97,125.1,124,1.008870968,5.63,9.7,3,3.233333333,2.62,87.67072727,60.63883464,41.87547623,190.1850381,0
177.1,112,0.632411067,30.11,194,112,1.732142857,16.49,146.7,108,1.358333333,6.6,5.9,4,1.475,1.59,71.9706239,48.47849541,37.08859297,157.5377123,0
172.7,93,0.53850608,29.36,120.1,116,1.035344828,10.21,216.1,86,2.512790698,9.72,10.3,5,2.06,2.78,27.51114992,16.61958746,22.02144626,66.15218364,1
172.7,86,0.497973364,29.36,133.4,113,1.180530973,11.34,259.5,70,3.707142857,11.68,9.8,3,3.266666667,2.65,17.37957979,47.01821183,28.3190525,92.71684412,0
204.2,115,0.563173359,34.71,179.9,152,1.183552632,15.29,216.8,109,1.988990826,9.76,9.5,5,1.9,2.57,84.92074101,86.03209256,40.31334913,211.2661827,0
85.7,83,0.968494749,14.57,247.7,67,3.697014925,21.05,142.4,85,1.675294118,6.41,10.1,5,2.02,2.73,40.09891329,72.74735394,89.57137449,202.4176417,0
157.6,117,0.742385787,26.79,184.3,58,3.177586207,15.67,240.4,99,2.428282828,10.82,11.9,1,11.9,3.21,20.23443892,47.08337567,41.77519605,109.0930106,0
215.5,129,0.598607889,36.64,218.7,117,1.869230769,18.59,207.1,91,2.275824176,9.32,6.6,9,0.733333333,1.78,22.81758204,31.50144643,99.50230789,153.8213364,0
181.5,98,0.539944904,30.86,199.9,88,2.271590909,16.99,287.7,114,2.523684211,12.95,6.6,5,1.32,1.78,6.982421585,99.28315756,93.8984474,200.1640265,0
171.7,80,0.465928946,29.19,110.4,81,1.362962963,9.38,195.4,111,1.76036036,8.79,11.9,4,2.975,3.21,92.27815115,9.297682846,80.81687562,182.3927096,0
266.6,106,0.3975994,45.32,264.8,168,1.576190476,22.51,207.2,119,1.741176471,9.32,5.9,2,2.95,1.59,19.93184817,5.679464472,10.12366844,35.73498109,1
170.4,108,0.633802817,28.97,350.5,68,5.154411765,29.79,297,87,3.413793103,13.37,11.2,3,3.733333333,3.02,30.78032658,33.96593841,16.12989693,80.87616193,1
158,106,0.670886076,26.86,292.5,114,2.565789474,24.86,241.1,89,2.708988764,10.85,9.1,4,2.275,2.46,91.70010131,86.65049309,35.38924497,213.7398394,0
92,117,1.27173913,15.64,253.6,77,3.293506494,21.56,214.1,90,2.378888889,9.63,10.3,10,1.03,2.78,95.23449196,27.04816196,44.39895551,166.6816094,0
234,109,0.465811966,39.78,249.5,114,2.188596491,21.21,173.1,70,2.472857143,7.79,9.1,5,1.82,2.46,23.24738066,52.81154827,99.45510262,175.5140315,0
272.1,111,0.407938258,46.26,268.5,118,2.275423729,22.82,213.8,105,2.036190476,9.62,8.5,10,0.85,2.3,17.86651852,89.596882,17.69954167,125.1629422,1
296.4,99,0.334008097,50.39,214.8,89,2.413483146,18.26,133.9,107,1.251401869,6.03,11.4,3,3.8,3.08,15.25103904,56.7091844,35.94824546,107.9084689,1
194.4,101,0.519547325,33.05,190.3,82,2.320731707,16.18,183.4,107,1.714018692,8.25,11.4,2,5.7,3.08,50.07174927,47.34146232,6.498612975,103.9118246,0
227.2,128,0.563380282,38.62,258.4,92,2.808695652,21.96,183.5,74,2.47972973,8.26,8.9,4,2.225,2.4,72.8602147,80.08513168,0.404755242,153.3501016,0
248.7,109,0.438279051,42.28,220,118,1.86440678,18.7,265.7,78,3.406410256,11.96,13.2,2,6.6,3.56,88.88536834,82.23045464,88.40850609,259.5243291,1
236.3,102,0.431654676,40.17,195.9,112,1.749107143,16.65,183.5,82,2.237804878,8.26,9.7,6,1.616666667,2.62,40.06082048,36.72380999,99.57441749,176.359048,0
205.6,69,0.335603113,34.95,169.5,93,1.822580645,14.41,220.1,64,3.4390625,9.9,10.9,3,3.633333333,2.94,43.42776589,33.71307187,59.88455851,137.0253963,0
94.1,136,1.445270988,16,280.3,122,2.297540984,23.83,205,77,2.662337662,9.23,9.8,4,2.45,2.65,11.07733017,50.26127443,1.141497964,62.48010257,0
125.2,99,0.790734824,21.28,205.4,107,1.919626168,17.46,254.4,111,2.291891892,11.45,18.9,2,9.45,5.1,7.71541075,20.04109594,22.66345827,50.41996496,0
60.4,158,2.61589404,10.27,306.2,120,2.551666667,26.03,123.9,46,2.693478261,5.58,12.4,3,4.133333333,3.35,47.40829456,9.615340751,95.65342343,152.6770587,0
121,105,0.867768595,20.57,270.4,100,2.704,22.98,160.5,76,2.111842105,7.22,7.7,4,1.925,2.08,94.28959515,70.97664035,34.15010732,199.4163428,0
117.8,66,0.560271647,20.03,256.8,114,2.252631579,21.83,147.6,76,1.942105263,6.64,7.6,3,2.533333333,2.05,88.78601355,24.90309873,23.85958044,137.5486927,0
232.4,96,0.413080895,39.51,211.9,118,1.795762712,18.01,273,102,2.676470588,12.29,5,5,1,1.35,87.69762205,62.21652682,71.1853915,221.0995404,0
223.5,81,0.362416107,38,188.8,74,2.551351351,16.05,154.9,101,1.533663366,6.97,9.4,2,4.7,2.54,44.06322067,27.65875934,15.08211848,86.8040985,1
176.3,79,0.44809983,29.97,259.2,97,2.672164948,22.03,287.4,78,3.684615385,12.93,6.2,3,2.066666667,1.67,82.18744617,10.97606212,49.91340886,143.0769172,0
125.2,79,0.630990415,21.28,177.8,105,1.693333333,15.11,232.4,89,2.611235955,10.46,12.9,3,4.3,3.48,63.58767619,8.420880194,65.51481098,137.5233674,0
138.7,107,0.771449171,23.58,256.9,113,2.273451327,21.84,234.9,74,3.174324324,10.57,10,3,3.333333333,2.7,19.86726034,90.54773933,26.01031852,136.4253182,0
86.3,134,1.552723059,14.67,246.6,92,2.680434783,20.96,251.6,91,2.764835165,11.32,11.3,4,2.825,3.05,7.026688318,68.89146566,29.9802689,105.8984229,0
207,91,0.439613527,35.19,154.9,121,1.280165289,13.17,245.1,112,2.188392857,11.03,13.4,5,2.68,3.62,96.01436156,93.52796933,19.68814231,209.2304732,0
58.8,104,1.768707483,10,219.5,107,2.051401869,18.66,152.3,118,1.290677966,6.85,7.1,3,2.366666667,1.92,95.17493363,46.7254908,21.55544924,163.4558737,0
68.7,95,1.382823872,11.68,209.2,69,3.031884058,17.78,197.4,42,4.7,8.88,11.4,4,2.85,3.08,95.4498476,70.67762529,88.74934993,254.8768228,0
239.2,109,0.455685619,40.66,235.5,112,2.102678571,20.02,156.3,95,1.645263158,7.03,9.5,4,2.375,2.57,64.94421329,77.47550039,4.416921022,146.8366347,0
198.3,130,0.655572365,33.71,217.1,86,2.524418605,18.45,188.4,96,1.9625,8.48,12.5,3,4.166666667,3.38,96.64137073,87.17793716,88.75112435,272.5704322,0
205.2,97,0.472709552,34.88,240.6,77,3.124675325,20.45,79.7,108,0.737962963,3.59,14.4,12,1.2,3.89,10.77896761,90.81473009,58.33531272,159.9290104,0
192.1,98,0.510150963,32.66,312.9,135,2.317777778,26.6,130.2,94,1.385106383,5.86,7.9,2,3.95,2.13,12.60783225,12.1731599,43.71415756,68.49514971,0
272.6,83,0.304475422,46.34,248.7,74,3.360810811,21.14,197.4,111,1.778378378,8.88,9.5,2,4.75,2.57,55.70461137,52.43434666,17.2351795,125.3741375,1
128.3,121,0.943102104,21.81,197.1,93,2.119354839,16.75,138.4,152,0.910526316,6.23,12.2,5,2.44,3.29,95.69182116,1.615725403,87.15349999,184.4610466,1
169.6,99,0.583726415,28.83,264.1,87,3.035632184,22.45,206.3,78,2.644871795,9.28,9.3,4,2.325,2.51,92.01876597,92.53276355,95.46349483,280.0150243,0
201.3,95,0.471932439,34.22,152.8,66,2.315151515,12.99,233.2,101,2.308910891,10.49,7.5,4,1.875,2.03,94.87506438,6.924532592,71.91169794,173.7112949,0
214.7,97,0.4517932,36.5,138.5,90,1.538888889,11.77,169.1,44,3.843181818,7.61,8.6,4,2.15,2.32,98.25914783,36.28584534,74.43839851,208.9833917,0
169.2,70,0.413711584,28.76,271.5,77,3.525974026,23.08,170.2,104,1.636538462,7.66,10.6,2,5.3,2.86,60.79109518,24.09302974,36.96043962,121.8445645,0
194.1,121,0.623390005,33,176.6,110,1.605454545,15.01,302.8,136,2.226470588,13.63,7,7,1,1.89,15.54695084,1.550630748,4.934106265,22.03168785,0
233.8,104,0.444824636,39.75,266.5,94,2.835106383,22.65,212.7,104,2.045192308,9.57,7.6,3,2.533333333,2.05,48.27016129,60.12303781,21.8260713,130.2192704,0
225.1,67,0.297645491,38.27,199.2,127,1.568503937,16.93,175.5,102,1.720588235,7.9,14.6,2,7.3,3.94,30.19346471,97.83315264,56.67364717,184.7002645,0
213,63,0.295774648,36.21,176.6,71,2.487323944,15.01,262.6,126,2.084126984,11.82,9.1,1,9.1,2.46,52.64250326,70.81620193,58.21190263,181.6706078,1
183.9,115,0.625339859,31.26,255.9,101,2.533663366,21.75,275,145,1.896551724,12.38,10.8,11,0.981818182,2.92,94.67372138,28.09277259,17.19457898,139.9610729,0
221.8,105,0.473399459,37.71,161.7,85,1.902352941,13.74,227.7,62,3.672580645,10.25,14,7,2,3.78,3.279315395,94.28781081,10.20207605,107.7692023,0
64.6,98,1.517027864,10.98,176.1,86,2.047674419,14.97,244.8,84,2.914285714,11.02,0,0,0,0,57.97130462,23.70855391,5.790118078,87.4699766,0
154.6,92,0.595084088,26.28,83.4,103,0.809708738,7.09,165.9,99,1.675757576,7.47,13.3,3,4.433333333,3.59,84.334653,57.21927457,75.12568234,216.6796099,0
260.2,131,0.503458878,44.23,179.2,120,1.493333333,15.23,135,119,1.134453782,6.08,7.2,8,0.9,1.94,93.69281777,67.32716853,88.94368252,249.9636688,0
161.6,117,0.724009901,27.47,123,90,1.366666667,10.46,261.3,101,2.587128713,11.76,12.2,5,2.44,3.29,38.85031072,83.07602628,5.734934103,127.6612711,0
220.6,117,0.530371714,37.5,155.2,121,1.282644628,13.19,186.7,89,2.097752809,8.4,10.5,11,0.954545455,2.84,80.77371699,53.55639304,47.00780975,181.3379198,0
155.9,122,0.782552919,26.5,162.3,107,1.51682243,13.8,127.6,105,1.215238095,5.74,13.1,5,2.62,3.54,39.33061153,71.64597209,1.998939846,112.9755235,0
107,63,0.588785047,18.19,105.7,67,1.57761194,8.98,243.1,74,3.285135135,10.94,12.8,3,4.266666667,3.46,49.17447544,10.26879248,28.58897072,88.03223864,1
182.5,104,0.569863014,31.03,204.7,95,2.154736842,17.4,229.9,100,2.299,10.35,11.3,8,1.4125,3.05,46.96409816,9.341903199,37.20661396,93.51261532,0
220.1,78,0.354384371,37.42,234.3,71,3.3,19.92,237.3,85,2.791764706,10.68,10.1,4,2.525,2.73,95.61956465,63.14934237,2.297900907,161.0668079,0
152.2,112,0.73587385,25.87,177.2,132,1.342424242,15.06,96.4,87,1.108045977,4.34,5.3,3,1.766666667,1.43,47.62674326,47.94758069,24.45301444,120.0273384,0
181.5,95,0.523415978,30.86,205.1,88,2.330681818,17.43,204,82,2.487804878,9.18,14.7,9,1.633333333,3.97,91.95534787,50.19200634,79.85467279,222.002027,0
236.2,77,0.32599492,40.15,218.6,85,2.571764706,18.58,194.1,97,2.001030928,8.73,13.2,2,6.6,3.56,44.06741386,23.53236107,1.822402395,69.42217733,1
166.1,105,0.632149308,28.24,79.3,93,0.852688172,6.74,213.7,98,2.180612245,9.62,12.7,2,6.35,3.43,64.42116159,10.92319725,27.80138055,103.1457394,0
244.6,89,0.363859362,41.58,188.8,80,2.36,16.05,206,114,1.807017544,9.27,11.3,4,2.825,3.05,52.0684449,21.82214098,94.72965977,168.6202456,0
134.2,85,0.63338301,22.81,227.3,132,1.721969697,19.32,122.4,96,1.275,5.51,8.5,2,4.25,2.3,67.20875543,34.948307,49.20693363,151.3639961,0
149.7,122,0.81496326,25.45,211.1,75,2.814666667,17.94,114.3,90,1.27,5.14,9.2,4,2.3,2.48,13.85831204,9.539695676,24.15527628,47.553284,0
150.1,109,0.726182545,25.52,264.7,103,2.569902913,22.5,178.4,97,1.839175258,8.03,5.8,4,1.45,1.57,41.99502237,40.48606612,99.49837767,181.9794662,0
257.1,53,0.206145469,43.71,312.2,127,2.458267717,26.54,183,82,2.231707317,8.24,8.8,6,1.466666667,2.38,8.275779577,2.360537579,97.11723461,107.7535518,1
124.4,83,0.667202572,21.15,179.7,81,2.218518519,15.27,253,99,2.555555556,11.39,11.3,6,1.883333333,3.05,90.16176331,66.31109206,27.09621428,183.5690696,0
141.7,121,0.853916725,24.09,232.3,113,2.055752212,19.75,222.1,131,1.695419847,9.99,12,5,2.4,3.24,1.152600615,24.17077959,98.31865979,123.64204,0
230,87,0.37826087,39.1,103.2,138,0.747826087,8.77,309.6,136,2.276470588,13.93,11.3,3,3.766666667,3.05,4.000757991,78.70461071,48.6794431,131.3848118,0
162.3,88,0.542205792,27.59,213.7,118,1.811016949,18.16,192.1,81,2.371604938,8.64,10.9,2,5.45,2.94,99.3652074,45.98700214,30.46950382,175.8217134,0
350.8,75,0.213797035,59.64,216.5,94,2.303191489,18.4,253.9,100,2.539,11.43,10.1,9,1.122222222,2.73,95.21959606,77.97079238,8.995396022,182.1857845,1
193.3,96,0.496637351,32.86,264.1,123,2.147154472,22.45,128.6,115,1.11826087,5.79,9.1,3,3.033333333,2.46,69.79737687,88.43588931,49.61935162,207.8526178,0
78.2,127,1.624040921,13.29,253.4,108,2.346296296,21.54,255,100,2.55,11.48,18,3,6,4.86,58.74548291,99.30949733,30.71701584,188.7719961,0
83.4,110,1.318944844,14.18,232.2,137,1.694890511,19.74,146.7,114,1.286842105,6.6,7.6,5,1.52,2.05,39.11749185,10.4203756,78.15298952,127.690857,0
195.6,99,0.506134969,33.25,267.8,120,2.231666667,22.76,164.9,76,2.169736842,7.42,16,2,8,4.32,67.26705187,25.93135785,80.29394464,173.4923544,0
201.8,81,0.401387512,34.31,225,114,1.973684211,19.13,204.4,82,2.492682927,9.2,10.3,6,1.716666667,2.78,39.72684218,90.11101296,66.93291914,196.7707743,0
197,110,0.558375635,33.49,222.8,102,2.184313725,18.94,225.3,91,2.475824176,10.14,10.6,6,1.766666667,2.86,2.509296883,31.50733602,0.645671709,34.66230461,0
218,57,0.26146789,37.06,114.4,88,1.3,9.72,269.2,95,2.833684211,12.11,12.4,1,12.4,3.35,53.73994966,69.18495247,58.71012004,181.6350222,1
164.8,98,0.594660194,28.02,229.9,96,2.394791667,19.54,167.3,108,1.549074074,7.53,14.8,2,7.4,4,14.78420705,62.74961862,62.5433531,140.0771788,0
179.2,77,0.4296875,30.46,210.7,99,2.128282828,17.91,276.9,58,4.774137931,12.46,9.2,6,1.533333333,2.48,51.11713657,68.42913977,4.878513579,124.4247899,0
214,113,0.528037383,36.38,180,114,1.578947368,15.3,134.5,82,1.640243902,6.05,10.6,5,2.12,2.86,85.09150122,38.91752278,80.01052415,204.0195481,0
170.5,87,0.51026393,28.99,118.2,116,1.018965517,10.05,187.9,111,1.692792793,8.46,11.2,7,1.6,3.02,81.47367386,65.59649784,99.6408024,246.7109741,0
205.7,123,0.597958192,34.97,214.5,108,1.986111111,18.23,226.1,106,2.133018868,10.17,6.7,18,0.372222222,1.81,86.26924095,64.30402738,40.04343366,190.616702,0
165.5,84,0.50755287,28.14,286.2,112,2.555357143,24.33,198.9,89,2.234831461,8.95,11.5,2,5.75,3.11,55.50149087,59.42072422,0.900256088,115.8224712,1
221,100,0.452488688,37.57,160.7,113,1.422123894,13.66,233.1,96,2.428125,10.49,6.8,4,1.7,1.84,34.76784346,86.42923353,86.08088861,207.2779656,0
242.1,118,0.4874019,41.16,191,93,2.053763441,16.24,218.6,50,4.372,9.84,14.7,2,7.35,3.97,17.05582939,81.58636989,3.822081595,102.4642809,0
151.6,107,0.705804749,25.77,155.4,96,1.61875,13.21,240,112,2.142857143,10.8,14.7,4,3.675,3.97,79.79643745,10.55157912,55.38327478,145.7312913,0
176.2,87,0.493757094,29.95,145,81,1.790123457,12.33,249.5,92,2.711956522,11.23,5.7,4,1.425,1.54,14.16865503,15.86963745,53.38541965,83.42371214,0
196,82,0.418367347,33.32,322.7,82,3.935365854,27.43,225.6,120,1.88,10.15,3.7,5,0.74,1,58.77108888,43.74272018,18.58795509,121.1017642,0
159.5,125,0.78369906,27.12,247.1,90,2.745555556,21,187.9,82,2.291463415,8.46,7.2,4,1.8,1.94,8.471198893,28.59440347,5.007248516,42.07285088,0
230.2,113,0.490877498,39.13,220.4,79,2.789873418,18.73,204.7,111,1.844144144,9.21,10.7,7,1.528571429,2.89,58.03384501,96.51616228,41.20386933,195.7538766,0
146.7,64,0.436264485,24.94,274,99,2.767676768,23.29,321.3,98,3.278571429,14.46,8.9,1,8.9,2.4,29.12422974,74.54965534,7.056198392,110.7300835,0
210.5,102,0.48456057,35.79,204.5,83,2.463855422,17.38,127.8,53,2.411320755,5.75,8.5,5,1.7,2.3,96.75011934,19.71926887,9.555582354,126.0249706,0
102,95,0.931372549,17.34,270.2,139,1.943884892,22.97,148.2,105,1.411428571,6.67,10.7,3,3.566666667,2.89,13.75974781,89.1605689,77.7646349,180.6849516,0
126,99,0.785714286,21.42,238.5,73,3.267123288,20.27,285.1,100,2.851,12.83,10.2,6,1.7,2.75,64.52972651,21.34622967,13.78097419,99.65693036,0
168.4,125,0.742280285,28.63,243.8,89,2.739325843,20.72,214.7,102,2.104901961,9.66,11.1,2,5.55,3,65.24890392,1.622184213,51.22443371,118.0955218,0
105.6,129,1.221590909,17.95,258.2,129,2.001550388,21.95,213.1,77,2.767532468,9.59,8.7,3,2.9,2.35,56.58146113,99.51811189,36.31166771,192.4112407,0
206.5,92,0.445520581,35.11,176.2,152,1.159210526,14.98,232.8,115,2.024347826,10.48,12.4,5,2.48,3.35,34.5566234,63.63926831,20.33995571,118.5358474,0
217.1,76,0.350069093,36.91,205.2,100,2.052,17.44,185.7,91,2.040659341,8.36,9.4,3,3.133333333,2.54,31.63786582,84.38120019,15.50996649,131.5290325,0
229.6,78,0.339721254,39.03,205.7,108,1.90462963,17.48,166.2,91,1.826373626,7.48,10.8,2,5.4,2.92,84.29029208,46.95580474,88.23769896,219.4837958,1
278.3,89,0.319798778,47.31,93.4,143,0.653146853,7.94,107.6,42,2.561904762,4.84,9.7,5,1.94,2.62,20.54240618,61.16167391,89.39436196,171.098442,0
138.6,102,0.735930736,23.56,199,93,2.139784946,16.92,204.1,137,1.489781022,9.18,7.8,4,1.95,2.11,77.23754512,12.79029512,98.82910206,188.8569423,0
234.4,103,0.439419795,39.85,279.3,109,2.562385321,23.74,234.2,121,1.93553719,10.54,2,2,1,0.54,19.58752891,53.07211217,78.05809279,150.7177339,1
181.5,129,0.710743802,30.86,130.7,112,1.166964286,11.11,186.5,118,1.580508475,8.39,8.5,4,2.125,2.3,85.18447658,61.06823471,34.80609171,181.058803,0
167.3,91,0.543933054,28.44,230,68,3.382352941,19.55,191.7,118,1.624576271,8.63,10.6,5,2.12,2.86,14.59767967,97.06788047,58.11083075,169.7763909,1
121,105,0.867768595,20.57,218.9,98,2.233673469,18.61,226.7,110,2.060909091,10.2,12,1,12,3.24,62.44121736,66.21749955,9.275984952,137.9347019,0
221.1,124,0.560832203,37.59,110.8,94,1.178723404,9.42,240.1,112,2.14375,10.8,10.6,3,3.533333333,2.86,86.65703227,4.481122659,54.924403,146.0625579,0
145.8,108,0.740740741,24.79,192.2,89,2.159550562,16.34,165.1,96,1.719791667,7.43,9.9,2,4.95,2.67,80.62944534,66.40685928,35.04798338,182.084288,0
222.8,122,0.547576302,37.88,163.2,107,1.525233645,13.87,160.6,112,1.433928571,7.23,11.2,6,1.866666667,3.02,35.4427155,34.74144201,14.2712643,84.45542181,0
183.4,80,0.436205016,31.18,242,115,2.104347826,20.57,201.4,100,2.014,9.06,7.5,3,2.5,2.03,7.85164678,88.09258763,74.56486639,170.5091008,0
264.3,91,0.344305713,44.93,160.9,115,1.399130435,13.68,198.6,73,2.720547945,8.94,9.3,5,1.86,2.51,45.53036321,83.25606938,67.96164099,196.7480736,0
146,78,0.534246575,24.82,109.7,79,1.388607595,9.32,247.4,108,2.290740741,11.13,6.8,7,0.971428571,1.84,81.29598072,43.3300791,6.286443858,130.9125037,0
157.1,134,0.852959898,26.71,184.9,122,1.51557377,15.72,197.2,59,3.342372881,8.87,8.5,5,1.7,2.3,7.6977142,76.668683,44.35026229,128.7166595,1
